Dates,QYLD,VIX,VVIX
2013-12-12 14:30:00,7.43565237,15.33,83.71
2013-12-12 18:30:00,7.44457158,15.4,83.38
2013-12-13 14:30:00,7.42970622,15.52,84.57
2013-12-13 18:30:00,7.43862544,15.46,85.39
2013-12-16 14:30:00,7.44754465,15.7,82.1
2013-12-16 18:30:00,7.44754465,15.89,83.2
2013-12-17 14:30:00,7.4534908,16.48,84.16
2013-12-18 14:30:00,7.44159851,15.82,82.48
2013-12-19 14:30:00,7.45319349,13.2,64.64
2013-12-19 18:30:00,7.45051773,13.76,67.03
2013-12-20 14:30:00,7.54268295,13.22,66.68
2013-12-20 18:30:00,7.53970988,13.55,68.0
2013-12-23 14:30:00,7.57835981,13.26,64.34
2013-12-23 18:30:00,7.58133288,13.17,63.49
2013-12-26 14:30:00,7.58430595,12.21,61.69
2013-12-26 18:30:00,7.5697379,12.16,62.71
2013-12-27 14:30:00,7.58103557,12.47,66.17
2013-12-30 14:30:00,7.57241367,13.08,68.87
2013-12-30 18:30:00,7.57241367,13.46,69.71
2013-12-31 14:30:00,7.59322517,13.47,70.39
2014-01-02 14:30:00,7.56349445,14.06,74.1
2014-01-03 14:30:00,7.55754831,13.89,71.95
2014-01-06 14:30:00,7.54862909,13.59,68.33
2014-01-13 14:30:00,7.60511746,11.94,71.11
2014-01-13 18:30:00,7.56349445,13.3,75.71
2014-01-14 14:30:00,7.61400694,12.22,70.24
2014-01-14 18:30:00,7.61403667,12.35,69.31
2014-01-15 14:30:00,7.62280723,11.84,70.06
2014-01-15 18:30:00,7.6318751,12.02,69.42
2014-01-16 14:30:00,7.64079432,12.6,73.06
2014-01-17 14:30:00,7.6526866,12.09,74.41
2014-01-17 18:30:00,7.64376739,12.67,75.71
2014-01-21 14:30:00,7.62890203,13.13,78.16
2014-01-21 18:30:00,7.64644315,12.81,77.78
2014-01-22 14:30:00,7.66668427,13.08,74.98
2014-01-22 18:30:00,7.66698458,12.95,74.46
2014-01-23 14:30:00,7.63545174,14.14,83.71
2014-01-24 14:30:00,7.59791265,16.07,87.65
2014-01-27 14:30:00,7.46277191,17.84,98.35
2014-01-27 18:30:00,7.52884072,17.01,93.64
2014-01-28 14:30:00,7.47178129,15.92,83.05
2014-01-28 18:30:00,7.48559568,16.03,83.96
2014-01-29 14:30:00,7.46577504,17.34,88.93
2014-01-29 18:30:00,7.46577504,17.46,92.47
2014-01-30 14:30:00,7.5708845,16.58,85.84
2014-01-30 18:30:00,7.56187512,16.19,92.35
2014-01-31 14:30:00,7.54355604,17.86,96.26
2014-01-31 18:30:00,7.54685948,18.15,99.66
2014-02-03 14:30:00,7.42673438,19.73,107.38
2014-02-03 18:30:00,7.38469059,21.3,106.78
2014-02-04 18:30:00,7.44964824,18.56,100.43
2014-02-05 14:30:00,7.37868434,20.42,101.51
2014-02-05 18:30:00,7.43274063,19.66,102.87
2014-02-06 14:30:00,7.51682821,17.79,93.02
2014-02-06 18:30:00,7.52283446,17.25,92.43
2014-02-11 14:30:00,7.64896582,14.67,76.43
2014-03-03 18:30:00,7.73702501,16.14,92.94
2014-11-17 18:30:00,7.8409489,14.03,84.79
2014-11-20 14:30:00,7.84744782,13.75,79.87
2014-11-21 14:30:00,7.82145214,13.48,80.13
2014-12-01 14:30:00,7.80001684,14.59,85.72
2014-12-02 18:30:00,7.78690757,12.94,83.47
2014-12-16 14:30:00,7.59026849,20.92,127.96
2014-12-18 14:30:00,7.74430243,18.18,107.82
2014-12-19 14:30:00,7.87211784,16.41,103.28
2014-12-19 18:30:00,7.92127761,16.56,99.17
2014-12-22 14:30:00,7.88194979,15.97,98.8
2014-12-22 18:30:00,7.88194979,15.68,99.69
2014-12-23 18:30:00,7.9016137,14.57,94.73
2015-01-06 14:30:00,7.66566297,20.95,124.47
2015-01-09 14:30:00,7.9063483,18.02,102.17
2015-01-16 18:30:00,7.73819827,22.17,111.32
2015-01-20 14:30:00,7.73490121,20.92,110.41
2015-01-20 18:30:00,7.77446592,19.79,108.4
2015-01-28 14:30:00,7.78788577,18.07,96.75
2015-02-09 14:30:00,7.85447735,18.68,105.01
2015-02-11 14:30:00,7.90775062,17.27,101.52
2015-02-11 18:30:00,7.91440978,17.21,98.73
2015-02-13 14:30:00,7.91773936,15.04,93.89
2015-03-02 18:30:00,7.98613855,13.08,81.84
2015-03-06 18:30:00,7.91241003,15.34,86.88
2015-11-05 14:30:00,8.41394003,16.2,89.78
2015-11-05 18:30:00,8.45314094,15.62,87.68
2015-11-12 18:30:00,8.40324888,17.84,98.19
2015-11-13 18:30:00,8.37830284,20.25,106.06
2015-11-16 18:30:00,8.41750375,18.18,96.71
2015-11-17 14:30:00,8.41750375,17.79,98.86
2015-11-20 14:30:00,8.40324888,16.18,91.01
2015-11-20 18:30:00,8.39255772,16.29,90.79
2015-11-24 14:30:00,8.42819491,16.82,89.16
2015-11-24 18:30:00,8.46026838,15.58,89.64
2015-12-01 14:30:00,8.49288881,15.89,89.99
2015-12-02 14:30:00,8.52879954,15.08,87.69
2015-12-02 18:30:00,8.48929773,16.21,92.94
2015-12-03 14:30:00,8.47134237,16.52,98.6
2015-12-07 14:30:00,8.48929773,16.72,96.17
2015-12-08 18:30:00,8.49647988,17.41,99.16
2015-12-09 18:30:00,8.41388519,19.47,113.83
2015-12-10 14:30:00,8.46056915,19.22,112.25
2015-12-10 18:30:00,8.43902271,18.78,113.8
2015-12-11 14:30:00,8.35283694,22.12,129.99
2015-12-11 18:30:00,8.29178869,24.07,131.09
2015-12-14 14:30:00,8.2235583,25.84,126.04
2015-12-15 14:30:00,8.43902271,21.12,115.77
2015-12-15 18:30:00,8.43902271,20.72,114.37
2015-12-18 14:30:00,8.40670304,19.43,119.57
2015-12-21 14:30:00,8.32769943,19.46,112.06
2015-12-21 18:30:00,8.34206372,19.59,109.44
2015-12-22 18:30:00,8.41747626,16.86,100.91
2015-12-23 14:30:00,8.44091246,15.95,102.14
2015-12-23 18:30:00,8.4372882,15.63,99.61
2015-12-28 14:30:00,8.45540952,17.94,100.75
2015-12-28 18:30:00,8.47353084,17.11,99.24
2015-12-29 18:30:00,8.53876761,16.04,95.13
2015-12-30 14:30:00,8.47353084,16.93,99.94
2015-12-30 18:30:00,8.50614923,16.84,100.82
2015-12-31 18:30:00,8.48077937,18.43,100.2
2016-01-04 14:30:00,8.3031904,23.12,112.28
2016-01-04 18:30:00,8.3031904,22.31,107.69
2016-01-05 14:30:00,8.36842717,20.4,104.55
2016-01-05 18:30:00,8.36842717,19.77,101.84
2016-01-06 18:30:00,8.27419629,21.32,103.06
2016-01-07 14:30:00,8.19446246,22.8,112.75
2016-01-07 18:30:00,8.04586761,25.51,116.55
2016-01-12 18:30:00,8.10385584,22.77,104.52
2016-01-13 14:30:00,8.11110437,22.51,111.65
2016-01-13 18:30:00,7.90814555,24.89,117.14
2016-01-15 14:30:00,7.80666614,27.78,119.75
2016-01-15 18:30:00,7.84290879,27.34,116.41
2016-01-20 14:30:00,7.66576774,29.64,118.49
2016-01-20 18:30:00,7.72434095,28.25,112.88
2016-01-21 14:30:00,7.74996672,26.07,107.24
2016-01-22 14:30:00,7.82318322,23.92,99.37
2016-01-22 18:30:00,7.85613065,23.0,98.92
2016-01-26 18:30:00,7.88541725,22.82,98.4
2016-01-27 14:30:00,7.86711312,22.68,96.75
2016-01-27 18:30:00,7.80121827,23.42,100.04
2016-01-28 14:30:00,7.7902358,22.45,96.72
2016-01-29 14:30:00,7.9220255,20.66,90.06
2016-02-01 18:30:00,7.94765128,20.16,89.65
2016-02-03 14:30:00,7.848809,23.43,100.42
2016-02-03 18:30:00,7.8341657,21.6,97.32
2016-02-05 18:30:00,7.66576774,24.06,100.55
2016-02-08 18:30:00,7.60353372,27.19,104.53
2016-02-09 14:30:00,7.63648114,27.37,107.12
2016-02-09 18:30:00,7.61451619,26.12,103.06
2016-02-10 18:30:00,7.69139352,25.35,106.19
2016-02-11 14:30:00,7.55960382,28.77,109.05
2016-02-11 18:30:00,7.61817702,28.87,107.21
2016-02-17 14:30:00,7.99890283,23.07,90.46
2016-02-18 14:30:00,7.98425953,21.92,85.21
2016-02-19 14:30:00,7.96229458,21.9,85.92
2016-02-23 14:30:00,7.99158118,20.95,89.16
2016-02-24 18:30:00,8.00980314,20.77,86.74
2016-03-02 14:30:00,8.17621179,17.58,79.11
2016-03-02 18:30:00,8.17990976,17.48,78.84
2016-03-04 18:30:00,8.19100367,17.19,81.97
2016-03-08 18:30:00,8.18360773,18.45,87.46
2016-03-10 18:30:00,8.17251382,18.7,94.77
2016-11-07 14:30:00,8.63047876,18.51,107.04
2016-11-07 18:30:00,8.64617053,18.88,107.84
2016-11-08 14:30:00,8.69324587,18.65,111.47
2016-11-09 14:30:00,8.6697082,15.88,100.98
2016-11-09 18:30:00,8.75601299,14.88,96.14
2016-11-10 14:30:00,8.66186231,15.95,101.21
2016-11-10 18:30:00,8.70109176,14.64,102.67
2016-11-11 14:30:00,8.63047876,15.57,101.56
2016-11-16 18:30:00,8.72855238,13.67,92.45
2016-11-18 14:30:00,8.78347361,13.45,85.08
2016-11-21 14:30:00,8.82270305,12.89,80.58
2016-11-21 18:30:00,8.8619325,12.35,80.75
2016-11-22 18:30:00,8.8619325,12.42,83.4
2016-11-23 14:30:00,8.86665757,12.68,83.19
2016-11-23 18:30:00,8.85480375,12.64,82.45
2016-11-25 14:30:00,8.87060884,12.56,82.65
2016-11-28 14:30:00,8.89036521,13.31,85.31
2016-11-28 18:30:00,8.88246266,12.97,86.17
2016-11-29 14:30:00,8.87060884,12.89,85.54
2016-11-29 18:30:00,8.89036521,12.9,86.28
2016-11-30 14:30:00,8.85480375,12.57,86.64
2016-11-30 18:30:00,8.83504738,13.33,88.99
2016-12-02 18:30:00,8.75602191,14.12,98.07
2016-12-05 18:30:00,8.83504738,12.45,88.88
2016-12-06 18:30:00,8.82714483,11.85,88.12
2016-12-07 14:30:00,8.83899865,11.42,87.99
2016-12-07 18:30:00,8.89036521,11.79,89.11
2016-12-09 14:30:00,8.91802412,12.26,89.33
2016-12-12 18:30:00,8.92197539,12.72,91.87
2016-12-13 14:30:00,8.96148813,12.88,92.63
2016-12-14 14:30:00,8.93778049,12.69,95.02
2016-12-16 14:30:00,8.86665757,12.6,94.44
2016-12-19 14:30:00,8.92987794,11.9,90.74
2016-12-20 14:30:00,8.94173176,11.6,88.4
2016-12-21 18:30:00,8.94392201,11.35,87.97
2016-12-22 18:30:00,8.88426935,11.48,89.72
2016-12-23 14:30:00,8.93199148,11.75,88.52
2016-12-27 14:30:00,8.94392201,12.04,87.07
2016-12-30 14:30:00,8.90813041,13.88,91.02
2016-12-30 18:30:00,8.86836198,14.59,91.6
2017-01-03 14:30:00,8.89222304,13.36,87.43
2017-01-06 14:30:00,9.00357467,11.22,79.47
2017-01-06 18:30:00,9.01152836,11.46,80.59
2017-01-10 14:30:00,9.03538942,11.36,85.72
2017-01-11 14:30:00,9.0512968,11.88,90.59
2017-01-12 18:30:00,9.04731995,11.52,90.44
2017-01-13 14:30:00,9.06322733,11.23,92.22
2017-01-13 18:30:00,9.06720417,11.47,92.9
2017-01-17 14:30:00,9.0791347,11.98,92.53
2017-01-17 18:30:00,9.06720417,12.19,92.39
2017-01-18 14:30:00,9.06322733,12.38,87.73
2017-01-20 14:30:00,9.06720417,11.97,84.02
2017-01-20 18:30:00,9.07118102,11.98,83.63
2017-01-23 18:30:00,9.04731995,12.09,84.51
2017-01-24 18:30:00,9.13878736,11.27,79.05
2017-01-25 18:30:00,9.17371613,10.65,78.66
2017-01-26 14:30:00,9.15772012,10.94,80.79
2017-01-27 18:30:00,9.19771016,10.58,83.63
2017-01-30 14:30:00,9.15772012,12.75,94.68
2017-01-30 18:30:00,9.18171414,12.21,92.04
2017-02-01 18:30:00,9.16971713,11.68,87.75
2017-02-02 14:30:00,9.17771514,11.76,88.44
2017-02-02 18:30:00,9.18971215,11.99,89.73
2017-02-03 14:30:00,9.19371116,11.16,88.23
2017-02-03 18:30:00,9.20570817,10.74,88.97
2017-02-06 18:30:00,9.21370618,11.27,90.02
2017-02-07 14:30:00,9.22570319,11.09,89.98
2017-02-07 18:30:00,9.20170917,11.28,89.61
2017-02-08 14:30:00,9.21770518,11.33,93.91
2017-02-08 18:30:00,9.21770518,11.31,94.58
2017-02-09 14:30:00,9.2297022,11.14,90.4
2017-02-09 18:30:00,9.22170419,10.8,89.59
2017-02-10 18:30:00,9.21370618,10.85,85.77
2017-02-13 14:30:00,9.21770518,11.29,80.8
2017-02-14 14:30:00,9.21770518,11.32,80.44
2017-02-14 18:30:00,9.22170419,11.04,78.35
2017-02-15 14:30:00,9.22170419,11.63,80.16
2017-02-15 18:30:00,9.21770518,11.56,81.12
2017-02-17 14:30:00,9.24169921,11.89,80.29
2017-02-17 18:30:00,9.25369622,11.66,81.25
2017-02-21 14:30:00,9.30168428,11.72,81.07
2017-02-21 18:30:00,9.28568826,11.69,82.45
2017-02-22 14:30:00,9.27755575,11.91,81.77
2017-02-23 14:30:00,9.2534582,12.33,83.47
2017-02-23 18:30:00,9.25747446,11.81,82.2
2017-02-24 18:30:00,9.2534582,11.51,83.31
2017-02-27 18:30:00,9.25747446,11.97,85.69
2017-03-01 14:30:00,9.3016533,11.9,82.48
2017-03-01 18:30:00,9.31370207,12.1,84.03
2017-03-06 14:30:00,9.28157201,11.58,81.46
2017-03-07 18:30:00,9.30968581,11.09,81.43
2017-03-10 14:30:00,9.3016533,11.83,81.48
2017-11-06 18:30:00,10.37133352,9.46,91.25
2017-11-07 18:30:00,10.36285675,10.07,93.45
2017-11-08 14:30:00,10.36285675,9.94,97.22
2017-11-09 14:30:00,10.35861836,10.33,103.65
2017-11-09 18:30:00,10.37133352,10.95,98.82
2017-11-14 18:30:00,10.36285675,11.8,103.18
2017-11-15 14:30:00,10.37557191,12.68,106.66
2017-11-16 14:30:00,10.37981029,11.59,99.99
2017-11-16 18:30:00,10.38616788,11.79,100.15
2017-11-17 14:30:00,10.36285675,11.43,96.54
2017-11-17 18:30:00,10.33742642,11.54,97.12
2017-11-20 14:30:00,10.32047287,10.71,92.69
2017-11-21 14:30:00,10.40524062,9.87,89.08
2017-11-21 18:30:00,10.40735981,9.9,89.27
2017-11-22 14:30:00,10.4146765,9.37,87.18
2017-11-22 18:30:00,10.42319915,9.82,86.42
2017-11-27 14:30:00,10.41893782,9.82,86.62
2017-11-27 18:30:00,10.4317218,9.8,86.58
2017-11-29 14:30:00,10.3976312,10.53,90.02
2017-11-30 18:30:00,10.40615385,11.13,89.94
2017-12-01 14:30:00,10.32092737,11.23,103.51
2017-12-04 14:30:00,10.34223399,11.19,90.44
2017-12-04 18:30:00,10.33797266,10.82,97.57
2017-12-05 18:30:00,10.34649531,11.52,97.95
2017-12-08 14:30:00,10.41893782,9.71,92.26
2017-12-13 18:30:00,10.49138034,9.88,95.56
2017-12-20 14:30:00,10.5965799,9.35,92.09
2017-12-21 18:30:00,10.59227584,9.49,92.21
2017-12-22 18:30:00,10.59227584,10.07,94.9
2017-12-28 18:30:00,10.58797179,10.16,97.25
2017-12-29 18:30:00,10.57505963,10.16,100.76
2018-01-02 18:30:00,10.65253259,9.76,97.36
2018-01-03 18:30:00,10.67405286,8.97,94.4
2018-01-05 14:30:00,10.71278934,9.17,93.67
2018-01-08 14:30:00,10.73861367,9.7,95.1
2018-01-09 14:30:00,10.73430961,9.74,93.61
2018-01-09 18:30:00,10.73430961,9.66,94.74
2018-01-11 14:30:00,10.73430961,9.78,92.5
2018-01-12 14:30:00,10.73861367,10.25,92.95
2018-01-12 18:30:00,10.73861367,10.22,92.22
2018-01-16 14:30:00,10.73430961,11.24,101.12
2018-01-17 18:30:00,10.73430961,11.57,102.63
2018-01-18 18:30:00,10.7257015,11.67,103.68
2018-01-19 18:30:00,10.73430961,11.51,101.62
2018-01-22 14:30:00,10.77304609,10.99,99.44
2018-01-22 18:30:00,10.80317447,10.98,99.66
2018-01-23 14:30:00,10.846215,10.94,97.87
2018-01-23 18:30:00,10.82899879,11.14,98.78
2018-01-24 14:30:00,10.80300207,11.09,103.27
2018-01-24 18:30:00,10.80300207,11.37,99.88
2018-01-26 18:30:00,10.83343306,11.22,98.63
2018-01-29 14:30:00,10.82908578,13.13,104.59
2018-01-30 14:30:00,10.78996022,14.21,116.83
2018-01-31 14:30:00,10.81604393,14.13,108.53
2018-01-31 18:30:00,10.79865479,14.29,108.27
2018-02-01 14:30:00,10.77257108,13.58,100.42
2018-02-01 18:30:00,10.81169664,12.98,105.85
2018-02-02 14:30:00,10.91168418,14.59,121.23
2018-02-02 18:30:00,10.73344552,17.84,125.15
2018-02-05 14:30:00,10.65084711,17.13,135.48
2018-02-05 18:30:00,10.43348289,34.07,177.34
2018-02-06 14:30:00,10.542165,38.51,168.03
2018-02-06 18:30:00,10.62911069,27.95,161.12
2018-02-07 14:30:00,10.56390142,21.35,156.27
2018-02-07 18:30:00,10.52912315,23.97,159.03
2018-02-08 14:30:00,10.29436978,28.15,173.2
2018-02-08 18:30:00,10.07265827,31.75,180.61
2018-02-09 14:30:00,9.8683359,30.53,179.03
2018-02-09 18:30:00,10.28132793,35.72,167.28
2018-02-12 14:30:00,10.4291356,27.87,150.42
2018-02-13 14:30:00,10.4291356,26.0,140.04
2018-02-14 14:30:00,10.58563784,20.21,122.52
2018-02-15 14:30:00,10.73344552,20.11,123.31
2018-02-16 14:30:00,10.91168418,18.13,119.58
2018-02-16 18:30:00,10.85951677,19.76,121.2
2018-02-20 14:30:00,10.83778035,20.43,120.41
2018-02-20 18:30:00,10.83343306,20.6,122.58
2018-02-21 14:30:00,10.94246311,18.32,115.72
2018-02-21 18:30:00,10.89855274,18.89,125.73
2018-02-22 14:30:00,10.89855274,18.52,119.48
2018-02-23 18:30:00,10.99515555,16.71,110.19
2018-02-26 18:30:00,11.04784799,16.36,107.68
2018-02-27 14:30:00,11.00832866,16.75,114.2
2018-02-27 18:30:00,11.01271969,18.65,119.5
2018-02-28 14:30:00,10.99076451,18.59,119.94
2018-02-28 18:30:00,10.96880933,19.27,121.7
2018-03-01 18:30:00,10.83707823,22.93,128.14
2018-03-02 14:30:00,10.8809886,24.82,121.16
2018-03-05 14:30:00,10.95124518,18.62,111.01
2018-03-05 18:30:00,10.99954658,18.14,109.66
2018-03-06 18:30:00,11.02150177,18.2,104.61
2018-03-07 14:30:00,11.00832866,18.77,103.35
2018-03-07 18:30:00,11.00393762,17.86,99.49
2018-03-08 14:30:00,11.06541213,16.94,98.95
2018-03-08 18:30:00,11.05663006,16.73,96.92
2018-03-09 14:30:00,11.09175835,15.39,96.82
2018-11-05 14:30:00,11.02468402,20.15,102.7
2018-11-05 18:30:00,11.06949022,19.79,101.83
2018-11-06 14:30:00,11.16381907,20.31,102.24
2018-11-06 18:30:00,11.16381907,20.26,102.48
2018-11-07 14:30:00,11.3902083,17.23,94.6
2018-11-07 18:30:00,11.42793984,16.81,95.75
2018-11-08 14:30:00,11.40907407,16.31,94.08
2018-11-08 18:30:00,11.41379052,16.83,95.4
2018-11-09 18:30:00,11.29587946,17.68,100.55
2018-11-12 14:30:00,11.0223258,19.31,106.33
2018-11-12 18:30:00,10.97987782,20.03,107.77
2018-11-13 14:30:00,11.0223258,19.81,105.35
2018-11-13 18:30:00,10.97044493,20.3,105.32
2018-11-14 14:30:00,10.94214628,20.79,111.14
2018-11-15 14:30:00,10.89498186,21.79,109.65
2018-11-15 18:30:00,11.05062445,20.54,107.38
2018-11-16 14:30:00,10.99874359,19.63,105.44
2018-11-16 18:30:00,11.03647513,18.66,101.93
2018-11-19 14:30:00,10.84310099,19.01,106.7
2018-11-19 18:30:00,10.81951878,20.07,107.13
2018-11-20 14:30:00,10.72518993,22.19,109.54
2018-11-20 18:30:00,10.64501041,23.18,107.61
2018-11-21 14:30:00,10.81417829,21.13,99.44
2018-11-21 18:30:00,10.80941433,20.11,100.27
2018-11-23 14:30:00,10.70460732,21.3,99.29
2018-11-26 14:30:00,10.78797653,19.78,94.0
2018-11-26 18:30:00,10.81417829,19.18,92.17
2018-11-27 14:30:00,10.90945739,19.0,92.53
2018-11-27 18:30:00,10.90945739,18.83,91.54
2018-11-28 14:30:00,11.03332023,19.08,91.61
2018-11-29 14:30:00,11.05237605,19.93,93.64
2018-11-29 18:30:00,11.09525164,18.72,93.36
2018-11-30 14:30:00,11.08095978,18.88,94.41
2018-11-30 18:30:00,11.11430746,18.67,93.59
2018-12-03 14:30:00,11.22864239,17.1,86.03
2018-12-03 18:30:00,11.22864239,16.63,85.87
2018-12-04 14:30:00,11.1952947,16.36,95.68
2018-12-04 18:30:00,10.99997254,20.22,96.57
2018-12-06 14:30:00,10.99520858,24.78,101.38
2018-12-06 18:30:00,10.99044463,22.97,93.85
2018-12-07 14:30:00,11.0047365,21.77,95.8
2018-12-07 18:30:00,10.86181784,24.03,96.49
2018-12-10 14:30:00,10.86658179,25.55,95.96
2018-12-10 18:30:00,10.98091672,23.2,91.78
2018-12-11 14:30:00,10.92851321,22.35,91.94
2018-12-11 18:30:00,10.95709694,22.1,89.77
2018-12-12 14:30:00,11.09286967,20.62,90.4
2018-12-12 18:30:00,11.08572373,21.17,91.41
2018-12-13 18:30:00,11.05714,20.81,93.0
2018-12-14 14:30:00,10.94756903,21.17,96.41
2018-12-14 18:30:00,10.8761097,22.28,96.45
2018-12-17 14:30:00,10.74748291,22.57,100.28
2018-12-17 18:30:00,10.58074448,24.72,101.55
2018-12-18 14:30:00,10.74271896,24.36,102.08
2018-12-19 14:30:00,10.75701083,24.46,101.87
2018-12-19 18:30:00,10.45688165,26.05,105.05
2018-12-20 14:30:00,10.26155949,26.11,109.86
2018-12-20 18:30:00,10.27585135,28.48,109.65
2018-12-21 14:30:00,9.89949889,27.61,105.99
2018-12-21 18:30:00,9.84709538,28.31,106.61
2018-12-24 14:30:00,9.62795344,32.91,111.88
2018-12-26 14:30:00,9.57554994,35.61,97.33
2018-12-26 18:30:00,9.8137477,30.9,97.32
2018-12-27 14:30:00,9.98048613,32.93,98.14
2018-12-27 18:30:00,10.06147337,32.87,95.89
2018-12-28 14:30:00,10.13847285,30.86,94.18
2018-12-28 18:30:00,10.17689435,28.0,91.24
2018-12-31 14:30:00,10.18169704,26.75,88.38
2018-12-31 18:30:00,10.21051316,26.41,87.11
2019-01-02 14:30:00,10.2345266,25.65,84.36
2019-01-02 18:30:00,10.22011853,24.24,81.66
2019-01-03 14:30:00,10.21531585,25.84,83.52
2019-01-03 18:30:00,10.09524866,25.28,83.8
2019-01-04 14:30:00,10.32577765,22.45,81.86
2019-01-04 18:30:00,10.29696153,22.01,84.44
2019-01-07 18:30:00,10.35459378,21.22,82.74
2019-01-08 14:30:00,10.3834099,21.36,83.23
2019-01-08 18:30:00,10.39781796,20.5,82.41
2019-01-09 14:30:00,10.4218314,20.2,85.77
2019-01-09 18:30:00,10.4218314,19.57,86.62
2019-01-10 14:30:00,10.4218314,20.12,87.7
2019-01-11 14:30:00,10.45545021,19.42,85.95
2019-01-11 18:30:00,10.47466096,18.52,83.85
2019-01-14 14:30:00,10.44344349,19.37,81.89
2019-01-14 18:30:00,10.44584484,18.77,83.01
2019-01-15 14:30:00,10.4602529,18.36,80.43
2019-01-15 18:30:00,10.46505558,18.33,81.39
2019-01-16 14:30:00,10.44584484,18.82,81.31
2019-01-16 18:30:00,10.43623946,18.43,83.34
2019-01-17 14:30:00,10.46985827,18.77,82.29
2019-01-17 18:30:00,10.4602529,18.17,82.79
2019-01-18 14:30:00,10.55150396,17.39,80.66
2019-01-18 18:30:00,10.52268783,18.18,82.49
2019-01-22 14:30:00,10.50827977,19.04,92.79
2019-01-23 14:30:00,10.45389907,20.7,93.07
2019-01-23 18:30:00,10.47815405,20.21,88.45
2019-01-25 14:30:00,10.59457799,17.75,83.18
2019-01-28 14:30:00,10.53151502,20.0,88.37
2019-01-28 18:30:00,10.55091901,19.33,86.44
2019-01-29 14:30:00,10.52666403,19.59,86.56
2019-01-29 18:30:00,10.49755804,19.32,86.84
2019-01-30 18:30:00,10.65278995,17.81,82.39
2019-01-31 18:30:00,10.72070391,16.79,79.24
2019-02-01 14:30:00,10.73040591,16.54,80.05
2019-02-04 18:30:00,10.80317087,15.61,77.36
2019-02-05 14:30:00,10.81772386,15.16,79.23
2019-02-05 18:30:00,10.82742585,15.53,80.62
2019-02-06 14:30:00,10.83227685,15.11,84.87
2019-02-06 18:30:00,10.82742585,15.47,84.99
2019-02-07 14:30:00,10.78376688,16.71,85.34
2019-02-08 18:30:00,10.80317087,16.27,82.7
2019-02-11 14:30:00,10.82500036,16.42,82.86
2019-02-12 18:30:00,10.86138284,15.36,81.63
2019-02-13 14:30:00,10.86138284,15.51,81.91
2019-02-13 18:30:00,10.85653184,15.38,80.27
2019-02-14 14:30:00,10.85653184,16.41,81.43
2019-02-14 18:30:00,10.85168084,15.81,81.64
2019-02-15 14:30:00,10.83470235,15.1,81.38
2019-02-15 18:30:00,10.84197885,14.92,80.45
2019-02-19 14:30:00,10.90019081,15.22,79.05
2019-02-19 18:30:00,10.89048882,14.67,78.64
2019-02-20 14:30:00,10.88307138,14.55,75.47
2019-02-20 18:30:00,10.88796264,14.26,75.59
2019-02-21 14:30:00,10.87328884,14.74,75.77
2019-02-21 18:30:00,10.85127813,14.77,76.64
2019-02-22 14:30:00,10.91241899,13.93,75.11
2019-02-22 18:30:00,10.90752772,13.99,74.98
2019-02-25 18:30:00,10.94176659,14.3,79.35
2019-02-26 14:30:00,10.94665786,14.86,79.22
2019-02-26 18:30:00,10.9564404,14.59,80.53
2019-02-27 14:30:00,10.89774518,15.74,81.41
2019-02-27 18:30:00,10.94665786,14.93,80.37
2019-02-28 14:30:00,10.9564404,15.06,78.76
2019-02-28 18:30:00,10.96133167,14.79,80.0
2019-03-01 14:30:00,10.97600547,14.4,78.82
2019-03-04 14:30:00,10.95154913,14.29,86.34
2019-03-04 18:30:00,10.98578801,15.19,82.34
2019-03-05 14:30:00,11.00290744,14.95,82.42
2019-03-05 18:30:00,11.00535308,14.46,82.46
2019-03-06 14:30:00,10.98089674,15.03,87.26
2019-03-06 18:30:00,10.98578801,15.47,86.1
2019-03-07 14:30:00,10.94665786,16.91,87.78
2019-03-07 18:30:00,10.92220152,17.36,88.7
2019-03-08 14:30:00,10.87328884,17.7,91.87
2019-03-08 18:30:00,10.90752772,16.6,87.24
2019-11-04 14:30:00,12.14097425,12.94,87.54
2019-11-04 18:30:00,12.14621194,12.68,88.75
2019-11-05 14:30:00,12.15930618,12.99,89.82
2019-11-05 18:30:00,12.15930618,12.87,90.98
2019-11-06 14:30:00,12.16192502,12.97,90.77
2019-11-06 18:30:00,12.16716272,13.0,89.59
2019-11-07 14:30:00,12.16978156,12.52,89.18
2019-11-07 18:30:00,12.16192502,12.62,90.15
2019-11-08 14:30:00,12.17501926,12.61,88.66
2019-11-08 18:30:00,12.17240041,12.21,89.06
2019-11-11 14:30:00,12.17240041,13.02,89.78
2019-11-11 18:30:00,12.17240041,12.75,89.56
2019-11-12 14:30:00,12.17763811,12.54,89.83
2019-11-12 18:30:00,12.16192502,12.9,90.35
2019-11-13 14:30:00,12.17240041,12.93,93.85
2019-11-13 18:30:00,12.16192502,13.06,93.5
2019-11-14 14:30:00,12.17501926,13.13,93.81
2019-11-14 18:30:00,12.17240041,13.15,93.45
2019-11-15 14:30:00,12.25096582,12.32,92.16
2019-11-15 18:30:00,12.21953966,12.13,93.35
2019-11-18 14:30:00,12.25096582,12.82,93.52
2019-11-18 18:30:00,12.26144121,12.43,93.99
2019-11-19 14:30:00,12.27191659,12.77,95.59
2019-11-19 18:30:00,12.27191659,12.65,95.95
2019-11-20 14:30:00,12.21114272,12.7,98.26
2019-11-20 18:30:00,12.24283253,13.03,95.36
2019-11-21 14:30:00,12.22962844,13.27,95.8
2019-11-21 18:30:00,12.2375509,13.14,96.09
2019-11-22 14:30:00,12.22698763,13.09,93.9
2019-11-22 18:30:00,12.2375509,12.58,94.4
2019-11-25 14:30:00,12.30357135,12.19,91.06
2019-11-25 18:30:00,12.3114938,11.84,90.24
2019-11-26 14:30:00,12.33790198,11.8,89.69
2019-11-26 18:30:00,12.33526117,11.83,89.88
2019-11-27 14:30:00,12.34846526,11.5,89.45
2019-11-27 18:30:00,12.36431016,11.51,90.2
2019-11-29 14:30:00,12.34318362,12.46,91.05
2019-12-02 14:30:00,12.26924071,15.14,96.07
2019-12-02 18:30:00,12.27980399,14.38,98.91
2019-12-03 14:30:00,12.19001617,17.2,101.16
2019-12-03 18:30:00,12.2375509,16.23,102.65
2019-12-04 14:30:00,12.29564889,14.38,96.4
2019-12-04 18:30:00,12.27452235,14.59,98.72
2019-12-05 14:30:00,12.28508562,14.72,98.64
2019-12-05 18:30:00,12.29564889,14.54,98.12
2019-12-06 14:30:00,12.35902853,13.65,94.35
2019-12-09 14:30:00,12.37223262,14.49,98.99
2019-12-09 18:30:00,12.33262035,15.25,101.89
2019-12-10 14:30:00,12.36431016,15.58,100.98
2019-12-10 18:30:00,12.35374689,15.77,101.03
2019-12-11 14:30:00,12.36166935,15.81,105.39
2019-12-11 18:30:00,12.3695918,15.18,104.82
2019-12-12 14:30:00,12.39599998,14.15,103.9
2019-12-12 18:30:00,12.41712653,14.1,101.3
2019-12-13 14:30:00,12.43561225,13.43,99.8
2019-12-13 18:30:00,12.43297143,12.7,96.61
2019-12-16 14:30:00,12.4567388,11.79,93.59
2019-12-16 18:30:00,12.4567388,12.17,94.21
2019-12-17 14:30:00,12.45145716,12.32,97.33
2019-12-17 18:30:00,12.45409798,12.26,98.56
2019-12-18 14:30:00,12.46202043,12.45,99.99
2019-12-18 18:30:00,12.45937961,12.4,99.2
2019-12-19 14:30:00,12.46202043,12.5,98.66
2019-12-19 18:30:00,12.45937961,12.69,97.25
2019-12-20 14:30:00,12.53596334,12.16,99.22
2019-12-20 18:30:00,12.53332252,12.47,99.29
2019-12-23 14:30:00,12.54652661,12.72,99.22
2019-12-23 18:30:00,12.53332252,12.7,99.82
2019-12-24 14:30:00,12.54388579,12.64,98.83
2019-12-26 14:30:00,12.57821643,12.64,97.39
2019-12-26 18:30:00,12.57821643,12.65,97.46
2019-12-27 14:30:00,12.57293479,13.01,98.62
2019-12-27 18:30:00,12.56765316,13.33,99.63
2019-12-30 14:30:00,12.54395061,14.91,99.95
2019-12-30 18:30:00,12.538632,14.78,100.02
2019-12-31 14:30:00,12.53065408,15.21,97.01
2019-12-31 18:30:00,12.56256576,14.12,94.1
2020-01-02 14:30:00,12.6157519,13.14,89.93
2020-01-02 18:30:00,12.62638913,12.65,89.67
2020-01-03 14:30:00,12.62904843,13.77,90.79
2020-01-03 18:30:00,12.60777398,13.6,93.79
2020-01-06 14:30:00,12.62372982,14.46,92.85
2020-01-06 18:30:00,12.62904843,14.05,92.66
2020-01-07 14:30:00,12.6556415,13.56,89.92
2020-01-07 18:30:00,12.64766358,13.54,91.07
2020-01-08 14:30:00,12.66627873,13.71,87.83
2020-01-08 18:30:00,12.6529822,12.94,90.21
2020-01-09 14:30:00,12.67425665,12.86,89.73
2020-01-09 18:30:00,12.67691596,12.89,87.81
2020-01-10 14:30:00,12.67957526,12.12,86.93
2020-01-10 18:30:00,12.67691596,12.54,88.33
2020-01-13 14:30:00,12.68755319,12.73,88.36
2020-01-13 18:30:00,12.67957526,12.48,88.48
2020-01-14 14:30:00,12.6928718,12.29,85.84
2020-01-14 18:30:00,12.67957526,12.56,86.87
2020-01-15 14:30:00,12.68489388,12.45,89.52
2020-01-15 18:30:00,12.69021249,12.59,91.15
2020-01-16 14:30:00,12.69819041,12.17,90.75
2020-01-16 18:30:00,12.69553111,12.25,90.38
2020-01-17 14:30:00,12.7301021,12.27,91.47
2020-01-17 18:30:00,12.73808002,12.22,91.75
2020-01-21 14:30:00,12.75349039,12.54,91.37
2020-01-21 18:30:00,12.7400826,12.65,92.98
2020-01-22 14:30:00,12.77226129,12.6,90.46
2020-01-22 18:30:00,12.72667481,12.67,91.11
2020-01-23 14:30:00,12.75349039,13.83,92.89
2020-01-23 18:30:00,12.7588535,13.15,92.54
2020-01-24 14:30:00,12.73740104,13.29,97.39
2020-01-24 18:30:00,12.69985923,14.8,98.43
2020-01-27 14:30:00,12.58723378,17.85,104.34
2020-01-27 18:30:00,12.54432885,17.41,107.39
2020-01-28 14:30:00,12.66768053,16.09,101.16
2020-01-28 18:30:00,12.68913299,16.16,102.11
2020-01-29 14:30:00,12.71326702,15.7,97.83
2020-01-29 18:30:00,12.71863013,15.7,99.07
2020-01-30 14:30:00,12.6569543,18.03,102.34
2020-01-30 18:30:00,12.72667481,16.8,96.49
2020-01-31 14:30:00,12.65159118,18.35,107.18
2020-01-31 18:30:00,12.60868625,19.27,105.6
2020-02-03 14:30:00,12.71594857,17.46,103.83
2020-02-03 18:30:00,12.71058546,17.83,102.95
2020-02-04 14:30:00,12.84466336,16.08,95.3
2020-02-04 18:30:00,12.85270804,16.08,96.18
2020-02-05 14:30:00,12.8553896,15.55,92.73
2020-02-05 18:30:00,12.86879739,15.13,92.82
2020-02-06 14:30:00,12.88220518,14.94,92.1
2020-02-06 18:30:00,12.88756829,14.85,93.61
2020-02-07 14:30:00,12.88220518,15.48,95.04
2020-02-07 18:30:00,12.87952362,15.54,96.01
2020-02-10 14:30:00,12.9063392,15.26,96.68
2020-02-10 18:30:00,12.91438387,15.24,96.81
2020-02-11 14:30:00,12.93047322,14.49,94.64
2020-02-11 18:30:00,12.91974699,15.1,96.96
2020-02-12 14:30:00,12.93047322,14.33,99.37
2020-02-12 18:30:00,12.92511011,13.87,96.65
2020-02-13 14:30:00,12.94119946,14.19,98.6
2020-02-13 18:30:00,12.9385179,14.24,99.17
2020-02-14 14:30:00,12.9385179,14.05,98.72
2020-02-14 18:30:00,12.9385179,14.19,98.17
2020-02-18 14:30:00,12.94924413,15.08,100.27
2020-02-18 18:30:00,12.94119946,14.83,101.02
2020-02-19 14:30:00,12.94924413,14.48,96.4
2020-02-19 18:30:00,12.94656257,14.55,95.92
2020-02-20 14:30:00,12.95460725,14.7,99.85
2020-02-20 18:30:00,12.94656257,15.82,99.48
2020-02-21 14:30:00,12.74276416,17.2,103.9
2020-02-21 18:30:00,12.72667481,18.07,104.86
2020-02-24 14:30:00,12.39493103,22.89,113.92
2020-02-24 18:30:00,12.47077414,23.17,112.72
2020-02-25 14:30:00,12.35159211,26.08,118.15
2020-02-25 18:30:00,12.12948015,28.1,121.01
2020-02-26 14:30:00,12.21615799,25.51,114.08
2020-02-26 18:30:00,12.18907116,28.34,113.44
2020-02-27 14:30:00,11.96154183,31.16,111.46
2020-02-27 18:30:00,11.59316102,33.01,118.0
2020-02-28 14:30:00,11.51190054,48.84,121.83
2020-02-28 18:30:00,11.41980534,47.32,125.73
2020-03-02 14:30:00,11.90195082,37.33,118.83
2020-03-02 18:30:00,12.12406278,35.31,114.69
2020-03-03 14:30:00,11.90195082,33.41,114.02
2020-03-03 18:30:00,11.79360352,37.41,116.72
2020-03-04 14:30:00,12.13489751,33.86,112.22
2020-03-04 18:30:00,12.26491427,32.11,113.97
2020-03-05 14:30:00,11.92362028,34.84,118.94
2020-03-05 18:30:00,11.89653345,41.0,119.66
2020-03-06 14:30:00,11.60941311,45.73,126.4
2020-03-06 18:30:00,11.70150832,54.18,127.16
2020-11-02 14:30:00,12.07251413,37.53,142.68
2020-11-02 18:30:00,12.14294202,37.47,142.65
2020-11-03 14:30:00,12.36596367,34.94,136.53
2020-11-03 18:30:00,12.36009468,35.56,136.28
2020-11-04 14:30:00,12.80613798,28.89,121.05
2020-11-04 18:30:00,12.76505505,29.73,122.12
2020-11-05 14:30:00,12.91764881,27.37,119.09
2020-11-05 18:30:00,12.97046973,27.79,117.68
2020-11-06 14:30:00,12.97046973,26.21,113.17
2020-11-06 18:30:00,12.99394569,25.54,112.92
2020-11-09 14:30:00,13.0526356,23.68,107.61
2020-11-09 18:30:00,12.86482789,23.43,116.78
2020-11-10 14:30:00,12.76505505,25.74,115.36
2020-11-10 18:30:00,12.74157908,25.44,116.05
2020-11-11 14:30:00,12.95873174,23.43,116.97
2020-11-11 18:30:00,12.96460074,23.78,118.32
2020-11-12 14:30:00,12.9235178,23.78,124.15
2020-11-12 18:30:00,12.93525578,27.17,121.57
2020-11-13 14:30:00,13.01742165,23.51,115.52
2020-11-13 18:30:00,13.03502863,23.02,114.39
2020-11-16 14:30:00,13.08784954,22.88,115.81
2020-11-16 18:30:00,13.11132551,23.4,115.0
2020-11-17 14:30:00,13.13480147,22.82,114.97
2020-11-17 18:30:00,13.12306349,22.8,116.25
2020-11-18 14:30:00,13.17001541,22.14,112.64
2020-11-18 18:30:00,13.09665303,22.67,117.9
2020-11-19 14:30:00,13.14067046,23.36,114.14
2020-11-19 18:30:00,13.1758844,22.92,114.15
2020-11-20 14:30:00,13.1817534,22.32,111.86
2020-11-20 18:30:00,13.14067046,22.64,113.99
2020-11-23 14:30:00,13.14238192,23.39,109.67
2020-11-23 18:30:00,13.15423792,22.6,109.85
2020-11-24 14:30:00,13.23722996,22.08,106.82
2020-11-24 18:30:00,13.24315797,21.78,104.56
2020-11-25 14:30:00,13.27279798,21.91,103.72
2020-11-25 18:30:00,13.29058199,21.33,103.46
2020-11-27 14:30:00,13.320222,20.74,106.12
2020-11-30 14:30:00,13.32615,21.84,108.0
2020-11-30 18:30:00,13.34986201,20.99,106.12
2020-12-01 14:30:00,13.39728603,20.65,105.38
2020-12-01 18:30:00,13.39728603,20.9,108.43
2020-12-02 14:30:00,13.40914204,20.73,106.89
2020-12-02 18:30:00,13.41507004,20.87,107.52
2020-12-03 14:30:00,13.42989005,20.93,105.7
2020-12-03 18:30:00,13.42099805,21.07,107.89
2020-12-04 14:30:00,13.44471006,20.72,103.0
2020-12-04 18:30:00,13.44471006,20.72,103.72
2020-12-07 14:30:00,13.45656606,21.66,104.62
2020-12-07 18:30:00,13.46842207,21.62,104.42
2020-12-08 14:30:00,13.48027807,21.21,101.4
2020-12-08 18:30:00,13.46545807,20.8,102.82
2020-12-09 14:30:00,13.45656606,20.75,113.94
2020-12-09 18:30:00,13.42099805,22.15,113.93
2020-12-10 14:30:00,13.44471006,21.89,111.89
2020-12-10 18:30:00,13.43878205,22.58,114.66
2020-12-11 14:30:00,13.41507004,23.65,120.46
2020-12-11 18:30:00,13.45063806,23.42,120.77
2020-12-14 14:30:00,13.48620607,23.2,120.16
2020-12-14 18:30:00,13.47435007,23.93,127.68
2020-12-15 14:30:00,13.50399008,23.75,119.42
2020-12-15 18:30:00,13.51288209,22.96,119.11
2020-12-16 14:30:00,13.51288209,23.0,113.02
2020-12-16 18:30:00,13.50695408,22.88,111.85
2020-12-17 14:30:00,13.50991809,22.18,108.96
2020-12-17 18:30:00,13.5336301,21.72,110.21
2020-12-18 14:30:00,13.48027807,23.04,112.13
2020-12-18 18:30:00,13.49806208,23.17,110.3
2020-12-21 14:30:00,13.48027807,26.72,120.26
2020-12-21 18:30:00,13.48027807,24.9,121.61
2020-12-22 14:30:00,13.50399008,24.27,118.84
2020-12-22 18:30:00,13.51584609,24.25,120.57
2020-12-23 14:30:00,13.52177409,22.82,116.01
2020-12-23 18:30:00,13.50991809,22.39,118.31
2020-12-24 14:30:00,13.5365941,21.93,115.26
2020-12-28 14:30:00,13.63440614,21.41,114.25
2020-12-28 18:30:00,13.64626215,21.5,114.4
2020-12-29 14:30:00,13.63440614,22.24,116.1
2020-12-29 18:30:00,13.62847814,23.37,116.27
2020-12-30 14:30:00,13.65826896,22.82,115.07
2020-12-30 18:30:00,13.65228111,22.99,112.04
2020-12-31 14:30:00,13.62533582,22.66,111.29
2020-12-31 18:30:00,13.65826896,22.62,111.86
2021-01-04 14:30:00,13.53851211,27.15,125.31
2021-01-04 18:30:00,13.580427,27.42,124.65
2021-01-05 14:30:00,13.61635406,27.49,121.29
2021-01-05 18:30:00,13.64629327,25.18,120.07
2021-01-06 14:30:00,13.68820817,22.49,112.19
2021-01-06 18:30:00,13.57443916,26.14,119.9
2021-01-07 14:30:00,13.73611091,22.82,111.84
2021-01-07 18:30:00,13.7630562,22.44,109.38
2021-01-08 14:30:00,13.77802581,21.84,112.6
2021-01-08 18:30:00,13.79898326,21.65,111.0
2021-01-11 14:30:00,13.78401365,23.7,117.01
2021-01-11 18:30:00,13.76605012,24.08,118.8
2021-01-12 14:30:00,13.77802581,23.49,118.46
2021-01-12 18:30:00,13.79000149,23.5,115.79
2021-01-13 14:30:00,13.82592855,22.47,117.67
2021-01-13 18:30:00,13.83191639,22.18,117.76
2021-01-14 14:30:00,13.84089816,21.92,119.81
2021-01-14 18:30:00,13.80796502,22.58,122.78
2021-01-15 14:30:00,13.78401365,24.9,119.6
2021-01-15 18:30:00,13.74209875,24.05,124.25
2021-01-19 14:30:00,13.85617526,23.11,118.97
2021-01-19 18:30:00,13.87431953,22.94,120.71
2021-01-20 14:30:00,13.96504089,22.26,113.32
2021-01-20 18:30:00,13.98318516,21.4,114.17
2021-01-21 14:30:00,13.99528134,21.75,113.94
2021-01-21 18:30:00,13.99528134,21.15,112.59
2021-01-22 14:30:00,14.00737752,21.7,112.64
2021-01-22 18:30:00,14.00132943,21.35,111.79
2021-01-25 14:30:00,14.03156988,26.53,119.33
2021-01-25 18:30:00,14.03156988,23.99,116.63
2021-01-26 14:30:00,14.04064202,23.21,115.05
2021-01-26 18:30:00,14.02552179,22.91,115.31
2021-01-27 14:30:00,13.96504089,26.9,126.07
2021-01-27 18:30:00,13.84407908,30.74,157.69
2021-01-28 14:30:00,13.98923325,27.61,129.95
2021-01-28 18:30:00,13.92270425,28.18,133.22
2021-01-29 14:30:00,13.75940581,31.08,144.2
2021-01-29 18:30:00,13.80174244,31.24,137.33
2021-02-01 14:30:00,13.99528134,31.75,131.15
2021-02-01 18:30:00,13.99528134,29.64,129.44
2021-02-02 14:30:00,14.0860027,26.02,116.33
2021-02-02 18:30:00,14.09205079,25.51,119.1
2021-02-03 14:30:00,14.12229124,24.33,111.45
2021-02-03 18:30:00,14.09809888,23.27,111.03
2021-02-04 14:30:00,14.13438742,22.41,107.52
2021-02-04 18:30:00,14.14043551,21.95,108.47
2021-02-05 14:30:00,14.15857978,21.3,107.42
2021-02-05 18:30:00,14.15857978,21.23,107.64
2021-02-08 14:30:00,14.1797481,21.72,108.85
2021-02-08 18:30:00,14.17067596,21.51,106.61
2021-02-09 14:30:00,14.1797481,21.9,107.89
2021-02-09 18:30:00,14.17067596,21.18,108.14
2021-02-10 14:30:00,14.17067596,22.45,114.73
2021-02-10 18:30:00,14.16462787,21.65,114.93
2021-02-11 14:30:00,14.18277214,21.94,116.36
2021-02-11 18:30:00,14.18277214,21.69,116.22
2021-02-12 14:30:00,14.1797481,20.62,118.45
2021-02-12 18:30:00,14.18882023,20.24,118.59
2021-02-16 14:30:00,14.19486832,21.65,120.35
2021-02-16 18:30:00,14.19486832,21.1,124.66
2021-02-17 14:30:00,14.19486832,22.92,122.39
2021-02-17 18:30:00,14.19486832,21.63,122.83
2021-02-18 14:30:00,14.20394046,23.5,121.71
2021-02-18 18:30:00,14.18277214,21.96,121.05
2021-02-19 14:30:00,14.15253169,21.2,119.88
2021-02-19 18:30:00,14.17672405,21.86,117.45
2021-02-22 14:30:00,14.03512088,23.47,115.31
2021-02-22 18:30:00,13.94043345,22.62,117.06
2021-02-23 14:30:00,13.78160292,23.85,115.51
2021-02-23 18:30:00,13.90988911,23.06,112.78
2021-02-24 14:30:00,13.90988911,22.9,111.1
2021-02-24 18:30:00,14.00763098,21.8,109.6
2021-02-25 14:30:00,13.67775218,22.81,124.39
2021-02-25 18:30:00,13.59222805,29.22,127.83
2021-02-26 14:30:00,13.80603838,26.79,125.14
2021-02-26 18:30:00,13.68386105,26.21,124.96
2021-03-01 14:30:00,13.97097778,23.58,115.12
2021-03-01 18:30:00,14.03817531,23.39,114.94
2021-03-02 14:30:00,13.96181448,23.49,112.82
2021-03-02 18:30:00,13.84269158,23.32,114.92
2021-03-03 14:30:00,13.66553445,24.79,115.05
2021-03-03 18:30:00,13.48226846,25.31,121.23
2021-03-04 14:30:00,13.21958719,26.31,122.86
2021-03-04 18:30:00,13.24402266,29.12,124.62
2021-03-05 14:30:00,13.37841772,28.98,119.77
2021-03-05 18:30:00,13.47005072,24.97,116.21
2021-03-08 14:30:00,13.36009112,24.46,111.54
2021-03-08 18:30:00,13.07908326,25.79,114.62
2021-03-09 14:30:00,13.62888125,23.26,106.41
2021-03-09 18:30:00,13.59222805,23.17,108.71
2021-03-10 14:30:00,13.57390145,22.69,114.44
2021-03-10 18:30:00,13.56168372,22.64,114.68
2021-03-11 14:30:00,13.91599798,21.86,111.65
2021-03-11 18:30:00,13.87934478,21.79,112.87
2021-03-12 14:30:00,13.71440538,22.24,111.68
2021-03-12 18:30:00,13.75105858,20.97,111.73
2021-11-08 14:30:00,15.06280658,17.21,112.13
2021-11-08 18:30:00,15.06609612,17.1,111.49
2021-11-09 14:30:00,15.04635888,17.93,112.84
2021-11-09 18:30:00,15.05951704,18.0,110.55
2021-11-10 14:30:00,15.04964842,17.34,116.07
2021-11-10 18:30:00,15.04635888,19.15,117.19
2021-11-11 14:30:00,15.06280658,17.83,112.63
2021-11-11 18:30:00,15.06609612,17.59,114.66
2021-11-12 14:30:00,15.06280658,16.49,110.68
2021-11-12 18:30:00,15.0726752,16.31,112.11
2021-11-15 14:30:00,15.06938566,16.84,112.29
2021-11-15 18:30:00,15.07925428,16.77,110.66
2021-11-16 14:30:00,15.07596474,16.39,108.51
2021-11-16 18:30:00,15.07925428,16.1,109.58
2021-11-17 14:30:00,15.0726752,16.54,109.68
2021-11-17 18:30:00,15.0726752,16.96,111.53
2021-11-18 14:30:00,15.07596474,17.6,110.5
2021-11-18 18:30:00,15.05951704,17.16,112.15
2021-11-19 14:30:00,15.15820326,18.1,113.74
2021-11-19 18:30:00,15.15820326,18.11,113.74
2021-11-22 14:30:00,15.14790697,17.57,115.59
2021-11-22 18:30:00,15.0548935,17.68,118.62
2021-11-23 14:30:00,14.92533904,20.52,120.33
2021-11-23 18:30:00,15.02167441,19.59,115.03
2021-11-24 14:30:00,15.03496205,19.91,112.82
2021-11-24 18:30:00,15.06818114,18.81,110.48
2021-11-26 14:30:00,14.86222276,27.42,149.74
2021-11-29 14:30:00,15.10472215,24.65,123.93
2021-11-29 18:30:00,15.09475642,22.1,131.24
2021-11-30 14:30:00,14.92201713,27.38,143.23
2021-11-30 18:30:00,14.92866095,27.38,142.55
2021-12-01 14:30:00,15.01170868,22.83,133.81
2021-12-01 18:30:00,14.72934638,27.65,155.02
2021-12-02 14:30:00,14.81571603,29.12,152.17
2021-12-02 18:30:00,14.83564748,27.94,147.31
2021-12-03 14:30:00,14.56657282,30.91,151.15
2021-12-03 18:30:00,14.63633292,34.72,156.1
2021-12-06 14:30:00,14.76920929,28.85,142.2
2021-12-06 18:30:00,14.75592166,27.74,138.88
2021-12-07 14:30:00,15.11800978,22.17,120.35
2021-12-07 18:30:00,15.11800978,22.09,117.92
2021-12-08 14:30:00,15.15122888,21.95,116.37
2021-12-08 18:30:00,15.17780415,20.34,114.29
2021-12-09 14:30:00,15.11136596,20.45,117.66
2021-12-09 18:30:00,15.01503059,21.58,121.79
2021-12-10 14:30:00,15.11468787,20.68,114.66
2021-12-10 18:30:00,15.17448224,19.34,113.85
2021-12-13 14:30:00,15.03828396,20.62,119.94
2021-12-13 18:30:00,14.97848959,19.97,121.07
2021-12-14 14:30:00,14.72602447,22.73,127.69
2021-12-14 18:30:00,14.83564748,21.55,126.57
2021-12-15 14:30:00,14.73266829,22.85,131.76
2021-12-15 18:30:00,15.16783843,20.39,118.61
2021-12-16 14:30:00,14.8755104,19.5,127.13
2021-12-16 18:30:00,14.78914075,21.89,128.97
2021-12-17 14:30:00,14.77585311,21.43,130.21
2021-12-17 18:30:00,14.7359902,20.87,136.06
2021-12-20 14:30:00,14.59647,25.86,147.29
2021-12-20 18:30:00,14.65626437,23.56,138.67
2021-12-21 14:30:00,14.81571603,21.63,131.94
2021-12-21 18:30:00,14.86222276,21.04,131.41
2021-12-22 14:30:00,14.93198286,19.44,125.6
2021-12-22 18:30:00,14.97516768,19.27,122.7
2021-12-23 14:30:00,15.03164014,17.75,120.68
2021-12-23 18:30:00,15.02831823,17.88,120.46
2021-12-27 14:30:00,15.09143451,18.21,117.76
2021-12-27 18:30:00,15.09807833,17.89,115.92
2021-12-28 14:30:00,15.08479069,17.79,117.27
2021-12-28 18:30:00,15.0881126,17.81,114.83
2021-12-29 14:30:00,15.09475642,17.45,111.64
2021-12-29 18:30:00,15.09475642,17.14,109.5
2021-12-30 14:30:00,15.11795966,16.99,109.27
2021-12-30 18:30:00,15.100977,16.77,110.84
2021-12-31 14:30:00,15.09758047,17.63,109.69
2021-12-31 18:30:00,15.07040822,17.28,109.67
2022-01-03 14:30:00,15.12475272,17.42,108.56
2022-01-03 18:30:00,15.14173538,16.94,108.45
2022-01-04 14:30:00,15.07720129,17.58,109.3
2022-01-04 18:30:00,15.09418394,16.68,109.31
2022-01-05 14:30:00,15.03644291,17.09,110.17
2022-01-05 18:30:00,14.87680596,19.05,119.31
2022-01-06 14:30:00,14.89378861,19.59,118.12
2022-01-06 18:30:00,14.88359902,19.41,117.82
2022-01-07 14:30:00,14.82925452,20.3,114.85
2022-01-07 18:30:00,14.80887533,18.74,113.86
2022-01-10 14:30:00,14.64584184,22.52,120.99
2022-01-10 18:30:00,14.84284064,20.88,113.02
2022-01-11 14:30:00,14.96511576,19.8,111.19
2022-01-11 18:30:00,14.97870189,18.39,111.61
2022-01-12 14:30:00,15.03304638,18.3,117.59
2022-01-12 18:30:00,15.03304638,18.19,113.94
2022-01-13 14:30:00,14.9141678,18.17,117.52
2022-01-13 18:30:00,14.75453084,19.44,123.44
2022-01-14 14:30:00,14.72056553,21.18,123.86
2022-01-14 18:30:00,14.87680596,20.35,117.57
2022-01-18 14:30:00,14.57111816,22.52,126.13
2022-01-18 18:30:00,14.53035979,22.12,127.95
2022-01-19 14:30:00,14.60508347,23.47,125.99
2022-01-19 18:30:00,14.37072283,22.91,129.85
2022-01-20 14:30:00,14.55073898,21.74,123.71
2022-01-20 18:30:00,14.19070669,23.52,135.6
2022-01-21 14:30:00,13.98012176,26.47,144.95
2022-01-21 18:30:00,13.85784664,29.08,149.5
2022-01-24 14:30:00,13.56466729,34.16,167.28
2022-01-24 18:30:00,13.92831289,33.08,154.38
2022-01-25 14:30:00,13.72933699,33.72,151.0
2022-01-25 18:30:00,13.70875328,30.13,150.8
2022-01-26 14:30:00,13.93517413,29.43,142.13
2022-01-26 18:30:00,13.74305947,32.14,148.55
2022-01-27 14:30:00,13.62984905,29.8,145.3
2022-01-27 18:30:00,13.62641843,31.59,141.14
2022-01-28 14:30:00,13.79794937,30.44,136.82
2022-01-28 18:30:00,13.97634156,28.88,132.44
2022-01-31 14:30:00,14.16845622,26.66,126.64
2022-01-31 18:30:00,14.2370686,25.12,125.06
2022-02-01 14:30:00,14.27823602,23.75,123.46
2022-02-01 18:30:00,14.31940345,22.8,117.99
2022-02-02 14:30:00,14.33312593,22.46,117.25
2022-02-02 18:30:00,14.36743212,20.8,119.61
2022-02-03 14:30:00,14.17531746,22.55,123.33
2022-02-03 18:30:00,14.04495394,24.97,125.11
2022-02-04 14:30:00,14.20276241,25.66,123.41
2022-02-04 18:30:00,14.18903993,22.3,124.89
2022-02-07 14:30:00,14.21648488,23.17,124.3
2022-02-07 18:30:00,14.16845622,22.29,124.13
2022-02-08 14:30:00,14.26108293,22.08,119.22
2022-02-08 18:30:00,14.28852788,22.18,118.86
2022-02-09 14:30:00,14.40859954,20.31,119.65
2022-02-09 18:30:00,14.42232202,20.25,119.32
2022-02-10 14:30:00,14.31597283,21.13,128.7
2022-02-10 18:30:00,14.27480541,23.65,129.1
2022-02-11 14:30:00,14.16159498,23.97,131.97
2022-02-11 18:30:00,13.97291094,29.56,141.17
2022-02-14 14:30:00,14.03123146,29.9,141.62
2022-02-14 18:30:00,13.99006403,29.61,140.59
2022-02-15 14:30:00,14.22334612,25.73,129.28
2022-02-15 18:30:00,14.31597283,25.61,129.05
2022-02-16 14:30:00,14.17874808,26.06,124.78
2022-02-16 18:30:00,14.33312593,24.06,122.58
2022-02-17 14:30:00,14.05524579,26.56,128.37
2022-02-17 18:30:00,13.92831289,27.76,134.49
2022-02-18 14:30:00,13.73619823,29.21,137.8
2022-02-18 18:30:00,13.7842269,27.81,133.64
2022-02-22 14:30:00,13.68166434,29.41,133.61
2022-02-22 18:30:00,13.72324994,29.21,130.69
2022-02-23 14:30:00,13.61928593,30.7,129.07
2022-02-23 18:30:00,13.50146004,30.68,131.24
2022-02-24 14:30:00,13.49106364,34.13,134.1
2022-02-24 18:30:00,13.79255929,30.65,128.5
2022-02-25 14:30:00,13.8965233,27.8,118.21
2022-02-25 18:30:00,13.92424704,28.33,117.76
2022-02-28 14:30:00,13.86186863,29.49,126.08
2022-02-28 18:30:00,13.93117797,31.12,123.64
2022-03-01 14:30:00,13.80295569,32.02,135.3
2022-03-01 18:30:00,13.82374849,33.38,132.8
2022-03-02 14:30:00,13.96583264,31.36,124.08
2022-03-02 18:30:00,13.96929811,30.57,124.92
2022-03-03 14:30:00,13.95197077,31.47,121.46
2022-03-03 18:30:00,13.88266143,31.08,122.36
2022-03-04 14:30:00,13.80295569,34.23,127.59
2022-03-04 18:30:00,13.79949022,33.05,127.85
2022-03-07 14:30:00,13.56383845,33.51,132.33
2022-03-07 18:30:00,13.42521977,35.32,133.66
2022-03-08 14:30:00,13.61235499,36.22,138.27
2022-03-08 18:30:00,13.4009615,33.83,139.71
2022-03-09 14:30:00,13.77869742,32.23,127.1
2022-03-09 18:30:00,13.77869742,31.85,130.86
2022-03-10 14:30:00,13.61582046,32.69,127.9
2022-03-10 18:30:00,13.70938807,31.21,125.47
2022-03-11 14:30:00,13.64700966,29.51,123.81
2022-03-11 18:30:00,13.46680537,30.14,125.58
2022-11-07 14:30:00,11.96803895,24.83,79.51
2022-11-07 18:30:00,12.0281421,24.39,80.06
2022-11-08 14:30:00,12.08073235,24.27,82.59
2022-11-08 18:30:00,12.06946301,25.49,84.63
2022-11-09 14:30:00,11.99057763,25.51,90.17
2022-11-09 18:30:00,11.93047449,26.11,90.65
2022-11-10 14:30:00,12.27606758,22.95,84.8
2022-11-10 18:30:00,12.29109336,23.28,86.01
2022-11-11 14:30:00,12.32865783,22.71,84.28
2022-11-11 18:30:00,12.32865783,22.71,86.08
2022-11-14 14:30:00,12.35495296,23.13,80.78
2022-11-14 18:30:00,12.34744006,23.26,84.78
2022-11-15 14:30:00,12.34368362,23.77,84.21
2022-11-15 18:30:00,12.35119651,24.23,88.34
2022-11-16 14:30:00,12.35495296,24.3,82.74
2022-11-16 18:30:00,12.35119651,24.25,81.62
2022-11-17 14:30:00,12.3587094,24.68,80.74
2022-11-17 18:30:00,12.35119651,23.97,80.37
2022-11-18 14:30:00,12.32865783,23.67,78.3
2022-11-18 18:30:00,12.37373519,23.18,77.33
2022-11-21 14:30:00,12.31666718,23.13,76.92
2022-11-21 18:30:00,12.31666718,22.56,77.09
2022-11-22 14:30:00,12.38876105,21.92,76.98
2022-11-22 18:30:00,12.42291077,21.47,77.81
2022-11-23 14:30:00,12.45326608,20.94,80.79
2022-11-23 18:30:00,12.48741581,20.65,81.49
2022-11-25 14:30:00,12.47603256,20.61,82.5
2022-11-28 14:30:00,12.43429401,21.88,87.17
2022-11-28 18:30:00,12.38876105,22.31,87.67
2022-11-29 14:30:00,12.32425601,22.29,85.65
2022-11-29 18:30:00,12.33943367,21.98,85.0
2022-11-30 14:30:00,12.36220015,22.07,85.42
2022-11-30 18:30:00,12.58986498,20.66,81.95
2022-12-01 14:30:00,12.59365939,20.38,81.72
2022-12-01 18:30:00,12.60883705,20.15,82.26
2022-12-02 14:30:00,12.58607056,19.75,81.8
2022-12-02 18:30:00,12.60883705,19.15,81.53
2022-12-05 14:30:00,12.55571525,19.91,85.46
2022-12-05 18:30:00,12.53674318,21.05,84.71
2022-12-06 14:30:00,12.41532194,21.69,86.59
2022-12-06 18:30:00,12.40773312,22.12,86.59
2022-12-07 14:30:00,12.41532194,22.39,86.61
2022-12-07 18:30:00,12.39255546,22.87,87.17
2022-12-08 14:30:00,12.47603256,22.78,84.94
2022-12-08 18:30:00,12.48362139,22.22,84.96
2022-12-09 14:30:00,12.52156553,22.49,86.01
2022-12-09 18:30:00,12.45326608,22.26,87.17
2022-12-12 14:30:00,12.46464932,24.34,90.42
2022-12-12 18:30:00,12.50638787,24.73,91.71
2022-12-13 14:30:00,12.63539794,22.65,90.3
2022-12-13 18:30:00,12.6505756,23.2,88.82
2022-12-14 14:30:00,12.66954767,22.27,90.11
2022-12-14 18:30:00,12.68851974,21.58,88.31
2022-12-15 14:30:00,12.38876105,22.27,93.33
2022-12-15 18:30:00,12.42291077,22.59,92.17
2022-12-16 14:30:00,12.26733981,23.18,92.65
2022-12-16 18:30:00,12.2939007,22.48,89.15
2022-12-19 14:30:00,12.24457332,22.02,88.41
2022-12-19 18:30:00,12.21801243,22.53,87.58
2022-12-20 14:30:00,12.24077891,21.99,82.36
2022-12-20 18:30:00,12.22560125,21.7,82.98
2022-12-21 14:30:00,12.33563925,20.07,78.92
2022-12-21 18:30:00,12.33943367,20.43,77.72
2022-12-22 14:30:00,12.03208615,21.55,87.41
2022-12-22 18:30:00,12.16489063,22.03,81.85
2022-12-23 14:30:00,12.17247946,21.69,78.45
2022-12-23 18:30:00,12.20283477,20.93,78.92
2022-12-27 14:30:00,12.11935767,22.26,78.93
2022-12-27 18:30:00,12.08900236,21.71,78.69
2022-12-28 14:30:00,12.04346939,21.8,78.76
2022-12-28 18:30:00,11.96758112,21.85,79.98
2022-12-29 14:30:00,12.19100545,21.69,77.37
2022-12-29 18:30:00,12.19867275,21.53,77.29
2022-12-30 14:30:00,12.08749691,21.81,77.98
2022-12-30 18:30:00,12.19867275,21.82,77.21
2023-01-03 14:30:00,12.08749691,23.14,82.12
2023-01-03 18:30:00,12.14883531,23.04,80.34
2023-01-04 14:30:00,12.2331756,22.45,77.95
2023-01-04 18:30:00,12.2101737,22.38,76.66
2023-01-05 14:30:00,12.12966706,22.52,76.26
2023-01-05 18:30:00,12.07216232,22.57,75.97
2023-01-06 14:30:00,12.27151209,21.59,72.88
2023-01-06 18:30:00,12.32901683,21.16,73.75
2023-01-09 14:30:00,12.49003011,21.43,74.81
2023-01-09 18:30:00,12.38268793,21.78,77.43
2023-01-10 14:30:00,12.42869172,21.46,75.99
2023-01-10 18:30:00,12.46702822,21.06,76.01
2023-01-11 14:30:00,12.53220026,20.93,78.43
2023-01-11 18:30:00,12.5590358,20.96,78.93
2023-01-12 14:30:00,12.63570879,19.53,79.04
2023-01-12 18:30:00,12.65871069,19.13,79.07
2023-01-13 14:30:00,12.67404529,18.51,79.78
2023-01-13 18:30:00,12.69704719,18.17,80.97
2023-01-17 14:30:00,12.71621543,19.84,81.42
2023-01-17 18:30:00,12.71238178,19.34,83.52
2023-01-18 14:30:00,12.70471449,19.51,84.58
2023-01-18 18:30:00,12.69704719,20.14,85.41
2023-01-19 14:30:00,12.69321354,21.45,85.1
2023-01-19 18:30:00,12.69704719,20.4,85.15
2023-01-20 14:30:00,12.84272587,19.48,82.48
2023-01-20 18:30:00,12.89639696,19.84,81.11
2023-01-23 14:30:00,12.99298331,19.8,78.64
2023-01-23 18:30:00,12.98911059,20.04,78.44
2023-01-24 14:30:00,12.97749242,19.7,77.51
2023-01-24 18:30:00,12.98136515,19.17,79.47
2023-01-25 14:30:00,12.95038337,20.48,82.29
2023-01-25 18:30:00,12.9736197,19.19,80.76
2023-01-26 14:30:00,13.0084742,19.39,81.79
2023-01-26 18:30:00,13.02783781,18.75,81.6
2023-01-27 14:30:00,13.0781832,18.49,82.03
2023-01-27 18:30:00,13.07043776,18.53,83.26
2023-01-30 14:30:00,13.03945598,19.94,84.69
2023-01-30 18:30:00,13.01234692,20.17,86.13
2023-01-31 14:30:00,13.05494687,19.38,85.67
2023-01-31 18:30:00,13.06269231,19.3,83.92
2023-02-01 14:30:00,13.06656504,19.86,85.2
2023-02-01 18:30:00,13.10529226,18.2,81.12
2023-02-02 14:30:00,13.14014676,17.68,80.75
2023-02-02 18:30:00,13.14401948,19.18,84.89
2023-02-03 14:30:00,13.14014676,18.52,83.86
2023-02-03 18:30:00,13.13627404,18.8,83.42
2023-02-06 14:30:00,13.14014676,19.44,84.69
2023-02-06 18:30:00,13.13627404,19.44,85.08
2023-02-07 14:30:00,13.15176493,19.61,86.14
2023-02-07 18:30:00,13.15951037,18.84,84.58
2023-02-08 14:30:00,13.15563765,19.2,94.19
2023-02-08 18:30:00,13.15176493,19.9,94.72
2023-02-09 14:30:00,13.16338309,19.5,95.85
2023-02-09 18:30:00,13.15563765,20.52,98.01
2023-02-10 14:30:00,13.15951037,21.14,98.31
2023-02-10 18:30:00,13.15176493,20.5,95.58
2023-02-13 14:30:00,13.16338309,20.73,92.87
2023-02-13 18:30:00,13.16725582,20.66,93.87
2023-02-14 14:30:00,13.17887398,19.37,89.1
2023-02-14 18:30:00,13.17500126,18.69,88.83
2023-02-15 14:30:00,13.17887398,18.33,83.36
2023-02-15 18:30:00,13.17887398,18.15,84.99
2023-02-16 14:30:00,13.18661943,19.14,86.14
2023-02-16 18:30:00,13.0433287,18.68,88.26
2023-02-17 14:30:00,12.86518348,20.85,89.45
2023-02-17 18:30:00,12.91940159,19.94,87.9
2023-02-21 14:30:00,12.79605477,22.9,93.74
2023-02-21 18:30:00,12.76084704,22.88,96.12
2023-02-22 14:30:00,12.80779068,22.78,90.43
2023-02-22 18:30:00,12.77649492,22.71,91.27
2023-02-23 14:30:00,12.78040689,21.82,88.47
2023-02-23 18:30:00,12.86255826,21.11,85.16
2023-02-24 14:30:00,12.71781536,22.54,87.18
2023-02-24 18:30:00,12.7530231,21.55,85.35
2023-02-27 14:30:00,12.84299841,20.97,84.2
2023-02-27 18:30:00,12.81561462,21.13,83.45
2023-02-28 14:30:00,12.87820615,20.59,80.37
2023-02-28 18:30:00,12.82343856,20.32,80.82
2023-03-01 14:30:00,12.77258295,20.98,80.58
2023-03-01 18:30:00,12.74911113,20.73,80.53
2023-03-02 14:30:00,12.74128719,20.31,78.42
2023-03-02 18:30:00,12.84691038,19.85,77.34
2023-03-03 14:30:00,12.98774131,18.91,75.85
2023-03-03 18:30:00,13.01121313,18.58,75.93
2023-03-06 14:30:00,13.07380466,18.63,76.95
2023-03-06 18:30:00,13.02686102,18.65,76.41
2023-03-07 14:30:00,12.98774131,19.0,76.88
2023-03-07 18:30:00,12.94862161,19.51,78.54
2023-03-08 14:30:00,12.95644555,19.39,77.34
2023-03-08 18:30:00,12.99947722,19.34,74.66
2023-03-09 14:30:00,12.97209343,19.14,78.12
2023-03-09 18:30:00,12.85082235,22.16,92.08
2023-03-10 14:30:00,12.72955128,24.19,117.14
2023-03-10 18:30:00,12.72955128,25.35,106.91
2023-11-06 14:30:00,14.37709057,15.04,86.39
2023-11-06 18:30:00,14.38980241,15.17,84.34
2023-11-07 14:30:00,14.40675153,14.84,83.55
2023-11-07 18:30:00,14.40675153,14.91,83.41
2023-11-08 14:30:00,14.40675153,14.73,86.82
2023-11-08 18:30:00,14.40675153,14.56,85.06
2023-11-09 14:30:00,14.41946336,14.49,86.83
2023-11-09 18:30:00,14.40675153,15.42,88.83
2023-11-10 14:30:00,14.42793792,14.5,85.38
2023-11-10 18:30:00,14.4321752,14.36,85.81
2023-11-13 14:30:00,14.4321752,14.76,82.86
2023-11-13 18:30:00,14.44064976,14.7,85.46
2023-11-14 14:30:00,14.43641248,14.1,82.91
2023-11-14 18:30:00,14.44912432,14.04,83.61
2023-11-15 14:30:00,14.44488704,14.08,83.52
2023-11-15 18:30:00,14.44064976,14.11,85.05
2023-11-16 14:30:00,14.45759888,14.18,84.15
2023-11-16 18:30:00,14.46607344,14.14,83.22
2023-11-17 14:30:00,14.46183616,13.82,81.74
2023-11-17 18:30:00,14.47878528,13.78,81.85
2023-11-20 14:30:00,14.53957254,13.66,81.25
2023-11-20 18:30:00,14.54385015,13.58,81.79
2023-11-21 14:30:00,14.50962932,13.45,80.59
2023-11-21 18:30:00,14.50962932,13.17,81.75
2023-11-22 14:30:00,14.56096056,12.93,81.81
2023-11-22 18:30:00,14.54385015,13.04,83.38
2023-11-24 14:30:00,14.56951576,12.83,83.0
2023-11-27 14:30:00,14.57807097,12.82,85.66
2023-11-27 18:30:00,14.57807097,12.73,85.16
2023-11-28 14:30:00,14.58234857,12.65,86.22
2023-11-28 18:30:00,14.59518138,12.64,85.14
2023-11-29 14:30:00,14.60373659,12.91,85.34
2023-11-29 18:30:00,14.58662618,12.83,87.79
2023-11-30 14:30:00,14.54812775,13.26,89.97
2023-11-30 18:30:00,14.57807097,13.04,86.66
2023-12-01 14:30:00,14.60373659,12.65,84.75
2023-12-01 18:30:00,14.60373659,12.6,85.87
2023-12-04 14:30:00,14.54385015,13.57,88.82
2023-12-04 18:30:00,14.56523816,13.16,87.75
2023-12-05 14:30:00,14.57379337,13.03,86.16
2023-12-05 18:30:00,14.58234857,12.96,85.78
2023-12-06 14:30:00,14.58662618,12.66,85.58
2023-12-06 18:30:00,14.55240535,12.72,86.87
2023-12-07 14:30:00,14.64223502,13.04,86.09
2023-12-07 18:30:00,14.64223502,13.02,86.02
2023-12-08 14:30:00,14.67645584,12.79,82.17
2023-12-08 18:30:00,14.68928865,12.5,81.14
2023-12-11 14:30:00,14.70639906,12.78,82.23
2023-12-11 18:30:00,14.71067666,12.7,82.31
2023-12-12 14:30:00,14.72778707,12.11,81.73
2023-12-12 18:30:00,14.71495427,11.92,83.57
2023-12-13 14:30:00,14.72350947,12.22,83.09
2023-12-13 18:30:00,14.74061988,12.21,80.71
2023-12-14 14:30:00,14.74061988,12.09,82.51
2023-12-14 18:30:00,14.74917509,12.36,80.84
2023-12-15 14:30:00,14.84328236,12.26,87.17
2023-12-15 18:30:00,14.84328236,12.29,88.04
2023-12-18 14:30:00,14.88605839,12.45,88.47
2023-12-18 18:30:00,14.88605839,12.46,88.67
2023-12-19 14:30:00,14.9074464,12.41,89.05
2023-12-19 18:30:00,14.92027921,12.39,88.65
2023-12-20 14:30:00,14.92883442,12.31,85.81
2023-12-20 18:30:00,14.81761674,13.88,92.2
2023-12-21 14:30:00,14.86039277,14.06,93.21
2023-12-21 18:30:00,14.89889119,13.82,89.83
2023-12-22 14:30:00,14.92883442,13.74,87.72
2023-12-22 18:30:00,14.92027921,13.3,88.5
2023-12-26 14:30:00,14.95450003,13.53,89.67
2023-12-26 18:30:00,14.97161045,13.13,88.89
2023-12-27 14:30:00,14.98444325,12.6,87.03
2023-12-27 18:30:00,14.98872086,12.59,86.25
2023-12-28 14:30:00,15.00685416,12.59,86.94
2023-12-28 18:30:00,14.9938986,12.52,86.66
2023-12-29 14:30:00,14.97230601,12.87,87.21
2023-12-29 18:30:00,14.98094305,12.38,86.93
2024-01-02 14:30:00,14.90752822,13.78,88.46
2024-01-02 18:30:00,14.89025414,13.49,88.03
2024-01-03 14:30:00,14.83411339,13.92,88.57
2024-01-03 18:30:00,14.80388376,13.72,89.69
2024-01-04 14:30:00,14.80388376,13.82,87.48
2024-01-04 18:30:00,14.76069857,13.83,87.39
2024-01-05 14:30:00,14.78660968,13.37,83.79
2024-01-05 18:30:00,14.78229116,13.57,82.87
2024-01-08 14:30:00,14.95071341,13.49,81.49
2024-01-08 18:30:00,15.00253564,13.17,81.29
2024-01-09 14:30:00,15.01980972,13.19,79.55
2024-01-09 18:30:00,15.01117268,12.89,78.59
2024-01-10 14:30:00,15.05435787,12.71,77.31
2024-01-10 18:30:00,15.05435787,12.79,77.11
2024-01-11 14:30:00,15.06299491,12.99,75.91
2024-01-11 18:30:00,15.08890603,12.45,75.57
2024-01-12 14:30:00,15.09322454,12.79,81.86
2024-01-12 18:30:00,15.09754306,12.5,86.04
2024-01-16 14:30:00,15.11481714,13.73,92.04
2024-01-16 18:30:00,15.11481714,14.0,89.71
2024-01-17 14:30:00,15.06299491,14.75,93.22
2024-01-17 18:30:00,15.09754306,15.03,91.36
2024-01-18 14:30:00,15.14504677,14.34,89.96
2024-01-18 18:30:00,15.15800233,14.17,86.34
2024-01-19 14:30:00,15.3307431,13.65,81.88
2024-01-19 18:30:00,15.36529125,13.58,81.96
2024-01-22 14:30:00,15.37741821,13.57,80.57
2024-01-22 18:30:00,15.39050537,13.31,79.16
2024-01-23 14:30:00,15.40359253,12.98,76.52
2024-01-23 18:30:00,15.4166797,12.71,76.68
2024-01-24 14:30:00,15.46466597,12.52,78.33
2024-01-24 18:30:00,15.44721642,12.89,81.1
2024-01-25 14:30:00,15.44721642,13.4,81.1
2024-01-25 18:30:00,15.44285403,13.45,81.34
2024-01-26 14:30:00,15.44721642,13.39,80.19
2024-01-26 18:30:00,15.44285403,13.26,82.2
2024-01-29 14:30:00,15.46030358,13.91,83.1
2024-01-29 18:30:00,15.47775313,13.7,83.38
2024-01-30 14:30:00,15.46902836,13.41,82.66
2024-01-30 18:30:00,15.46030358,13.35,82.23
2024-01-31 14:30:00,15.42540447,14.02,85.63
2024-01-31 18:30:00,15.37305582,14.29,87.56
2024-02-01 14:30:00,15.43849164,14.55,86.01
2024-02-01 18:30:00,15.4515788,14.0,84.81
2024-02-02 14:30:00,15.5257394,13.79,84.16
2024-02-02 18:30:00,15.53010179,13.95,83.29
2024-02-05 14:30:00,15.53882657,14.24,81.13
2024-02-05 18:30:00,15.53882657,13.68,79.38
2024-02-06 14:30:00,15.53446418,13.6,79.71
2024-02-06 18:30:00,15.54755134,13.29,77.03
2024-02-07 14:30:00,15.56063851,13.0,80.94
2024-02-07 18:30:00,15.5650009,12.87,80.59
2024-02-08 14:30:00,15.58245045,12.99,84.66
2024-02-08 18:30:00,15.58245045,12.9,83.13
2024-02-09 14:30:00,15.58245045,12.87,81.97
2024-02-09 18:30:00,15.59117522,12.83,82.09
2024-02-12 14:30:00,15.59553761,13.47,84.76
2024-02-12 18:30:00,15.59117522,13.83,84.63
2024-02-13 14:30:00,15.5999,14.73,86.78
2024-02-13 18:30:00,15.58245045,17.0,93.51
2024-02-14 14:30:00,15.5999,14.87,84.23
2024-02-14 18:30:00,15.5999,14.61,83.14
2024-02-15 14:30:00,15.60862478,14.64,84.27
2024-02-15 18:30:00,15.60862478,14.32,82.38
2024-02-16 14:30:00,15.5650009,13.96,81.09
2024-02-16 18:30:00,15.52137701,14.14,82.68
2024-02-20 14:30:00,15.40425927,15.37,89.66
2024-02-20 18:30:00,15.45713431,15.28,86.07
2024-02-21 14:30:00,15.37782176,15.48,85.89
2024-02-21 18:30:00,15.43069679,15.78,84.66
2024-02-22 14:30:00,15.65100942,14.22,78.18
2024-02-22 18:30:00,15.65982193,14.49,80.91
2024-02-23 14:30:00,15.68625944,14.1,79.07
2024-02-23 18:30:00,15.66863443,13.71,78.86
2024-02-26 14:30:00,15.68625944,13.91,80.21
2024-02-26 18:30:00,15.6906657,13.75,80.26
2024-02-27 14:30:00,15.68185319,13.43,78.85
2024-02-27 18:30:00,15.70388445,13.54,78.55
2024-02-28 14:30:00,15.69507195,13.49,80.12
2024-02-28 18:30:00,15.68625944,13.74,80.39
2024-02-29 14:30:00,15.72591572,13.46,78.72
2024-02-29 18:30:00,15.73913448,13.39,77.47
2024-03-01 14:30:00,15.77879075,13.29,77.81
2024-03-01 18:30:00,15.783197,13.36,77.69
2024-03-04 14:30:00,15.79200951,13.47,79.75
2024-03-04 18:30:00,15.783197,13.33,79.41
2024-03-05 14:30:00,15.71710321,14.23,83.6
2024-03-05 18:30:00,15.71710321,14.69,83.81
2024-03-06 14:30:00,15.783197,14.16,81.78
2024-03-06 18:30:00,15.76557199,14.53,83.12
2024-03-07 14:30:00,15.80963452,14.37,82.28
2024-03-07 18:30:00,15.80963452,14.42,82.14
2024-03-08 14:30:00,15.79200951,14.27,89.22
2024-03-08 18:30:00,15.78760326,14.58,86.59
2024-11-04 14:30:00,17.23379525,21.92,121.68
2024-11-04 18:30:00,17.21948939,21.76,121.8
2024-11-05 14:30:00,17.35301077,20.4,114.37
2024-11-05 18:30:00,17.36254801,20.81,114.34
2024-11-06 14:30:00,17.59621042,16.53,95.91
2024-11-06 18:30:00,17.60574766,16.4,97.24
2024-11-07 14:30:00,17.65343387,15.28,89.71
2024-11-07 18:30:00,17.65343387,15.36,88.58
2024-11-08 14:30:00,17.67727697,14.74,89.36
2024-11-08 18:30:00,17.67727697,15.09,87.77
2024-11-11 14:30:00,17.68204559,15.23,89.17
2024-11-11 18:30:00,17.68204559,14.92,90.8
2024-11-12 14:30:00,17.68204559,14.93,92.42
2024-11-12 18:30:00,17.68204559,14.72,89.47
2024-11-13 14:30:00,17.69635146,14.25,90.45
2024-11-13 18:30:00,17.68681422,13.87,91.8
2024-11-14 14:30:00,17.69635146,13.9,90.78
2024-11-14 18:30:00,17.65343387,14.04,90.43
2024-11-15 14:30:00,17.24810111,15.85,108.39
2024-11-15 18:30:00,17.23379525,16.55,98.93
2024-11-18 14:30:00,17.34005151,15.54,92.77
2024-11-18 18:30:00,17.33041815,15.41,93.81
2024-11-19 14:30:00,17.35931824,16.01,95.99
2024-11-19 18:30:00,17.3689516,15.98,98.29
2024-11-20 14:30:00,17.30151806,18.01,106.32
2024-11-20 18:30:00,17.35450155,17.71,102.2
2024-11-21 14:30:00,17.39785168,17.05,101.06
2024-11-21 18:30:00,17.39785168,16.74,101.3
2024-11-22 14:30:00,17.43638513,16.08,97.66
2024-11-22 18:30:00,17.44120181,15.7,95.15
2024-11-25 14:30:00,17.46046854,14.98,93.01
2024-11-25 18:30:00,17.47491858,14.84,88.78
2024-11-26 14:30:00,17.49900198,14.13,87.5
2024-11-26 18:30:00,17.50863535,14.29,87.68
2024-11-27 14:30:00,17.4701019,14.48,90.12
2024-11-27 18:30:00,17.48936862,14.3,88.36
2024-11-29 14:30:00,17.54235211,13.51,86.32
2024-12-02 14:30:00,17.58088556,13.59,88.5
2024-12-02 18:30:00,17.58088556,13.47,87.13
2024-12-03 14:30:00,17.60015228,13.36,86.63
2024-12-03 18:30:00,17.60978565,13.21,86.32
2024-12-04 14:30:00,17.62905237,13.12,87.1
2024-12-04 18:30:00,17.62905237,13.48,86.48
2024-12-05 14:30:00,17.64350241,13.59,86.73
2024-12-05 18:30:00,17.64350241,13.4,86.92
2024-12-06 14:30:00,17.66758582,13.09,87.05
2024-12-06 18:30:00,17.66758582,13.03,87.38
2024-12-09 14:30:00,17.66758582,14.08,91.63
2024-12-09 18:30:00,17.66758582,14.0,93.83
2024-12-10 14:30:00,17.66276914,13.98,93.09
2024-12-10 18:30:00,17.64831909,14.2,94.35
2024-12-11 14:30:00,17.6724025,13.62,97.54
2024-12-11 18:30:00,17.67721918,13.65,98.12
2024-12-12 14:30:00,17.68685254,13.44,98.62
2024-12-12 18:30:00,17.68203586,13.9,99.44
2024-12-13 14:30:00,17.6964859,14.15,98.5
2024-12-13 18:30:00,17.6964859,13.69,96.78
2024-12-16 14:30:00,17.70611927,14.19,96.16
2024-12-16 18:30:00,17.6964859,14.33,98.36
2024-12-17 14:30:00,17.6964859,15.21,96.36
2024-12-17 18:30:00,17.70130258,15.62,100.73
2024-12-18 14:30:00,17.70611927,15.22,98.41
2024-12-18 18:30:00,17.68203586,18.76,130.16
2024-12-19 14:30:00,17.6964859,23.37,128.85
2024-12-19 18:30:00,17.60015228,23.64,136.29
2024-12-20 14:30:00,17.8987865,19.19,115.92
2024-12-20 18:30:00,17.87951978,18.43,114.22
2024-12-23 14:30:00,17.95658668,18.71,108.63
2024-12-23 18:30:00,17.99512012,17.65,102.33
2024-12-24 14:30:00,18.10108711,15.97,91.15
2024-12-26 14:30:00,18.11072047,15.08,95.67
2024-12-26 18:30:00,18.11553715,14.57,92.77
2024-12-27 14:30:00,17.99030344,17.77,106.3
2024-12-27 18:30:00,18.03365357,16.25,98.82
2024-12-30 14:30:00,17.98325534,17.55,98.47
2024-12-30 18:30:00,17.94891743,16.58,103.06
2024-12-31 14:30:00,17.8743551,17.04,105.27
2024-12-31 18:30:00,17.86552535,17.33,104.33
2025-01-02 14:30:00,17.78703869,17.73,110.32
2025-01-02 18:30:00,17.8508091,18.2,106.58
2025-01-03 14:30:00,18.02740408,17.07,97.22
2025-01-03 18:30:00,18.04702575,16.35,94.37
2025-01-06 14:30:00,18.14513407,15.78,94.71
2025-01-06 18:30:00,18.13041782,16.39,95.88
2025-01-07 14:30:00,18.06664741,17.22,101.78
2025-01-07 18:30:00,17.99306617,17.99,106.44
2025-01-08 14:30:00,18.02249867,18.63,107.75
2025-01-08 18:30:00,18.02740408,17.62,103.94
2025-01-10 14:30:00,17.91457951,19.88,108.74
2025-01-10 18:30:00,17.85571452,18.82,115.48
2025-01-13 14:30:00,17.77722786,20.62,113.3
2025-01-13 18:30:00,17.82628202,19.46,110.94
2025-01-14 14:30:00,17.83118744,18.85,108.99
2025-01-14 18:30:00,17.81156578,19.45,107.93
2025-01-15 14:30:00,18.15003948,16.57,101.32
2025-01-15 18:30:00,18.15985032,16.14,97.79
2025-01-16 14:30:00,18.16966115,15.68,98.41
2025-01-16 18:30:00,18.12060699,15.98,99.84
2025-01-17 14:30:00,18.22852614,15.66,99.77
2025-01-17 18:30:00,18.20890448,15.96,101.6
2025-01-21 14:30:00,18.2956233,15.32,98.46
2025-01-21 18:30:00,18.28571234,15.08,98.21
2025-01-22 14:30:00,18.36499999,14.93,99.61
2025-01-22 18:30:00,18.37491094,14.98,100.63
2025-01-23 14:30:00,18.37491094,14.75,99.23
2025-01-23 18:30:00,18.39473285,14.87,99.51
2025-01-24 14:30:00,18.37491094,14.69,99.64
2025-01-24 18:30:00,18.36995546,14.87,100.4
2025-01-27 14:30:00,18.04784942,18.64,115.39
2025-01-27 18:30:00,18.10731515,18.32,110.46
2025-01-28 14:30:00,18.251024,16.91,102.89
2025-01-28 18:30:00,18.27084591,16.57,103.68
2025-01-29 14:30:00,18.22129114,16.85,104.3
2025-01-29 18:30:00,18.24111305,16.63,101.72
2025-01-30 14:30:00,18.27580139,16.08,98.27
2025-01-30 18:30:00,18.30553425,15.43,98.33
2025-01-31 14:30:00,18.39473285,15.27,98.02
2025-01-31 18:30:00,18.30553425,17.01,101.8
2025-02-03 14:30:00,18.22624661,18.08,106.74
2025-02-03 18:30:00,18.22624661,18.08,109.04
2025-02-04 14:30:00,18.34517808,17.07,100.6
2025-02-04 18:30:00,18.37491094,16.93,100.87
2025-02-05 14:30:00,18.39473285,16.53,97.8
2025-02-05 18:30:00,18.41455476,16.06,97.29
2025-02-06 14:30:00,18.4492431,15.54,97.05
2025-02-06 18:30:00,18.47402049,15.74,96.77
2025-02-07 14:30:00,18.44428763,15.83,99.4
2025-02-07 18:30:00,18.39473285,16.32,101.5
2025-02-10 14:30:00,18.51366431,16.06,100.14
2025-02-10 18:30:00,18.51366431,15.76,99.15
2025-02-11 14:30:00,18.49879788,15.93,100.28
2025-02-11 18:30:00,18.51366431,15.86,99.82
2025-02-12 14:30:00,18.51861979,16.34,100.13
2025-02-12 18:30:00,18.53348622,15.85,98.72
2025-02-13 14:30:00,18.57313004,15.41,98.15
2025-02-13 18:30:00,18.59295196,15.17,95.48
2025-02-14 14:30:00,18.61772934,14.96,98.18
2025-02-14 18:30:00,18.61772934,14.96,96.87
2025-02-18 14:30:00,18.6276403,15.61,97.88
2025-02-18 18:30:00,18.63259578,15.59,98.48
2025-02-19 14:30:00,18.63755125,15.65,97.02
2025-02-19 18:30:00,18.63755125,15.22,95.53
2025-02-20 14:30:00,18.63755125,16.14,96.14
2025-02-20 18:30:00,18.67719507,15.52,95.0
2025-02-21 14:30:00,18.42942119,16.0,104.23
2025-02-21 18:30:00,18.35508903,18.75,105.72
2025-02-24 14:30:00,18.36,18.77,101.56
2025-02-24 18:30:00,18.22,18.1,106.62
2025-02-25 14:30:00,18.08,20.55,107.64
2025-02-25 18:30:00,18.05,19.25,108.51
2025-02-26 14:30:00,18.08,17.88,108.96
2025-02-26 18:30:00,18.09,19.64,106.06
2025-02-27 14:30:00,18.04,18.96,105.22
2025-02-27 18:30:00,17.655,20.59,114.79
2025-02-28 14:30:00,17.65,20.22,114.69
2025-02-28 18:30:00,17.92,20.37,108.99
2025-03-03 14:30:00,17.74,20.29,111.5
2025-03-03 18:30:00,17.555,22.67,118.72
2025-03-04 14:30:00,17.49,25.65,119.92
2025-03-04 18:30:00,17.51,22.14,118.43
2025-03-05 14:30:00,17.6,23.83,114.44
2025-03-05 18:30:00,17.73,21.51,109.54
2025-03-06 14:30:00,17.3,23.19,121.06
2025-03-06 18:30:00,17.255,25.29,120.84
2025-03-07 14:30:00,17.24,25.02,118.03
2025-03-07 18:30:00,17.395,23.57,115.8
